SHORT_URL,DESTINATION_URL
https://hp.care/42wlc5r,https://youtu.be/sxp659P_ciY
https://hp.care/486iDs3,https://youtu.be/JG703evwptA
https://hp.care/3Oz0z37,https://youtu.be/2eNEhdlWmQo
https://hp.care/3HTXDKk,https://youtu.be/AvNJzs_n734
https://hp.care/3HPj3bC,https://youtu.be/40yoWKFa2Ts
https://hp.care/3uxW9Cx,https://www.youtube.com/watch?v=ceG1LuWk2Fg
https://hp.care/4brwjRm,https://youtu.be/IYeaVmfHUpA
https://hp.care/3OzMpyF,https://youtu.be/g3wN3-vz_eE
https://hp.care/49fJd34,https://youtu.be/h0zdw7zRg0o
https://hp.care/49lPHgQ,https://www.youtube.com/watch?v=QyvriEgoGZ4
https://hp.care/3UunXCA,https://youtu.be/0oIC626IlpU
https://hp.care/3rHHNLa,https://youtu.be/6NUvKXzOdC8
https://hp.care/3AhCDID,https://api.whatsapp.com/send?phone=14158057668&text=DOA
https://hp.care/3tBo8Lb,https://www.youtube.com/watch?v=Yy3LxLkKW4Y
https://hp.care/3tot8mj,https://api.whatsapp.com/send?phone=14158057668&text=A3_SUP
https://hp.care/2PUEYqx,https://api.whatsapp.com/send?phone=14158057668&text=CE_COMPR
https://hp.care/3epFlCW,https://api.whatsapp.com/send?phone=14158057668&text=CE_COMPC
https://hp.care/3urSpxb,https://api.whatsapp.com/send?phone=14158057668&text=CE_CONPC
https://hp.care/3gud7IF,https://twitter.com/messages/22991317-766676974978740225
https://hp.care/32yYZ8O,https://www.facebook.com/messages/t/404805302978438
https://hp.care/2ITpK11,https://api.whatsapp.com/send?phone=61742436690&text=A3_SUP
https://hp.care/35ETSX8,https://wa.me/6531385547
https://hp.care/3ieHHTZ,https://wa.me/85230016720
https://hp.care/30cPOdx,https://wa.me/85230016657
https://hp.care/2Gm6Tuf,https://api.whatsapp.com/send?phone=6498848268&text=CEASSIST
https://hp.care/2FZtehL,https://api.whatsapp.com/send?phone=61742436690&text=CEASSIST
https://hp.care/36rG57d,https://api.whatsapp.com/send?phone=6531386706&text=GS1
https://hp.care/2GbzWAN,https://api.whatsapp.com/send?phone=63286263788&text=GS1
https://hp.care/30eC6Xz,https://api.whatsapp.com/send?phone=60162996305&text=GS1
https://hp.care/3joZpFP,https://api.whatsapp.com/send?phone=622150890655&text=GS1
https://hp.care/2LRZ8vE,https://support.hp.com/in-en/topic/diagnostics
https://hp.care/3ggaUxR,https://virtualagent.hpcloud.hp.com/?BotClient=webwidget&BotSubClient=Landing&producttype=printer&Template=Printer_Landing_New&query=&SerialNumber=&P‌L=&ProductNumber=&ProductName=&ProductNameOID=&ProductSeriesName=&ProductSeriesNameOID=&CC=in&LC=en
https://hp.care/2TvYkAT,https://virtualagent.hpcloud.hp.com/?BotClient=webwidget&BotSubClient=Landing&producttype=pc&Template=Computer_Landing_New&query=&SerialNumber=&P‌L=&ProductNumber=&ProductName=&ProductNameOID=&ProductSeriesName=&ProductSeriesNameOID=&CC=in&LC=en
https://hp.care/3dE9aMU,https://support.hp.com/us-en/document/c06465959?openCLC=true
https://hp.care/2RIvvR3,https://api.whatsapp.com/send?phone=551138788412
https://hp.care/2XEMbMR,https://api.whatsapp.com/send?phone=525550918056
https://hp.care/3acTwGd,"https://api.whatsapp.com/send?phone=61282784577&text=Welcome to MPS_SPR, please press ""send"" to start"
https://hp.care/3cgWomC,https://support.hp.com/au-en/document/c06465959
https://hp.care/2PX9Qmk,https://support.hp.com/hk-en/document/c06466368
https://hp.care/2MaLX9S,https://support.hp.com/hk-zh/document/c06488469
https://hp.care/2Byj9SY,https://cs-apj.ext.hp.com/digital-support/region_page/whatsApp_IND.html
https://hp.care/2YKJFSW,https://api.whatsapp.com/send?phone=34912158225
https://hp.care/30lyuR2,http://wa.me/74952213824
https://hp.care/2YIB3fQ,http://wa.me/902124679114
https://hp.care/2Jl1iU5,http://wa.me/35316990805
https://hp.care/2XSxarc,https://wa.me/390238594619
https://hp.care/2J70u3S,http://hp.dezide.com/ts/start.jsp?guide=instantink-dgm.net&section=dgm&sfs=ivrEMEA_da&language=pt
https://hp.care/2FsGRCw,http://hp.dezide.com/ts/start.jsp?guide=Printer_Does_Not_Maintain_Wireless_Connection.net&section=ccweb&sfs=ivrEMEA_nl&language=pt
https://hp.care/2x9i6Xv,https://gncpgslbpro1.houston.hp.com/Cso_Status/CsoStatus.aspx?lc=EN&cc=it
https://hp.care/2XsSZNR,http://hp.dezide.com/ts/start.jsp?guide=Printer_Does_Not_Maintain_Wireless_Connection.net&section=ccweb&sfs=ivrEMEA_nl&language=it
https://hp.care/2KyYMvx,http://hp.dezide.com/ts/start.jsp?guide=Printer_Does_Not_Maintain_Wireless_Connection.net&section=ccweb&sfs=ivrEMEA_nl&language=es
https://hp.care/2IbVr33,https://api.whatsapp.com/send?phone=97237370083
https://hp.care/2WtImWI,https://api.whatsapp.com/send?phone=31207219604
https://hp.care/2X9febq,https://api.whatsapp.com/send?phone=33185168064
https://hp.care/2WrtY13,https://api.whatsapp.com/send?phone=4970314509132
https://hp.care/2HrXJL6,http://hp.dezide.com/ts/start.jsp?guide=Printer_Does_Not_Maintain_Wireless_Connection.net&section=ccweb&sfs=ivrEMEA_he&language=he
https://hp.care/2Wmny7H,http://hp.dezide.com/ts/start.jsp?guide=Printer_Does_Not_Maintain_Wireless_Connection.net&section=ccweb&sfs=ivrEMEA_nl&language=nl
https://hp.care/2VQNuIM,http://hp.dezide.com/ts/start.jsp?guide=Printer_Does_Not_Maintain_Wireless_Connection.net& section=ccweb&sfs=ivrEMEA_de&language=de
https://hp.care/2Qemr49,http://hp.dezide.com/ts/start.jsp?guide=Printer_Does_Not_Maintain_Wireless_Connection.net&section=ccweb&sfs=ivrEMEA_fr&language=fr
https://hp.care/2taAlty,https://wa.me/442076602212
https://hp.care/2R0Bhus,http://m.me/HPNederland
https://hp.care/2y74rB7,http://hp.dezide.com/ts/start.jsp?guide=instantink-dgm.net&section=dgm&sfs=ivrEMEA_fi&language=fi
https://hp.care/2Efd426,http://hp.dezide.com/ts/start.jsp?guide=instantink-dgm.net&section=dgm&sfs=ivrEMEA_no&language=no
https://hp.care/2E9yYDF,http://hp.dezide.com/ts/start.jsp?guide=instantink-dgm.net&section=dgm&sfs=ivrEMEA_sv&language=sv
https://hp.care/2QCaapj,http://hp.dezide.com/ts/start.jsp?guide=instantink-dgm.net&section=dgm&sfs=ivrEMEA_da&language=da
https://hp.care/2y8Xu2x,http://hp.dezide.com/ts/start.jsp?guide=instantink-dgm.net&section=dgm&sfs=ivrEMEA_nl&language=nl
https://hp.care/2C31X9z,http://hp.dezide.com/ts/start.jsp?guide=instantink-dgm.net&section=dgm&sfs=ivrEMEA_es&language=es
https://hp.care/2E8guUh,http://hp.dezide.com/ts/start.jsp?guide=instantink-dgm.net&section=dgm&sfs=ivrEMEA_it&language=it
https://hp.care/2C3QTZR,http://hp.dezide.com/ts/start.jsp?guide=instantink-dgm.net&section=dgm&sfs=ivrEMEA_de&language=de
https://hp.care/2C5Vyuu,http://hp.dezide.com/ts/start.jsp?guide=instantink-dgm.net&section=dgm&sfs=ivrEMEA_fr&language=fr
https://hp.care/2NgyFud,https://virtualagent.hpcloud.hp.com/?botclient=social&botsubclient=whatsapp?src=hpvainwa
https://hp.care/2nzLOzU,https://h30478.www3.hp.com/plugins/common/feature/oauth2sso/sso_login_redirect?referer=https://h30478.www3.hp.com/
https://hp.care/2HhcIIi,http://m.me/HPItalia?src=hpsaitfb
https://hp.care/2GO1W9a,http://m.me/HPItalia?src=hpcsnlfb
http://hp.care/2DgoBsX,https://mycrm.support.hp.com/ja-JP/create-case/
http://hp.care/2DfBvY2,https://support.hp.com/tw-zh/document/c04746693
http://hp.care/2EUlxDk,https://support.hp.com/tw-zh/contact-hp
http://hp.care/2Du5FdH,https://support.hp.com/hk-en/contact-hp
http://hp.care/2mJUGmw,https://www.messenger.com/login.php?next=https://www.messenger.com/t/HPNewZealand?src=NZSprocket
http://hp.care/2mKlvHd,https://www.messenger.com/login.php?next=https://www.messenger.com/t/HPAustralia?src=AUSprocket
http://hp.care/2mIu6tV,https://www.messenger.com/login.php?next=https://www.messenger.com/t/HPSingapore?src=SGSprocket
http://hp.care/2Bb1iQr,http://m.me/hpnederland?src=hpsanlfb
http://hp.care/2zoAGOK,http://m.me/hpnederland?src=hpcsnlfb
http://hp.care/2gICOZy,https://www.messenger.com/t/2411613949064538?src=hpcsusprfb
http://hp.care/2iBuwU1,https://www.messenger.com/t/2411613949064538?src=hpcsuspcfb
http://hp.care/2zEKRu9,https://www.messenger.com/t/2411613949064538?src=hpsausprfb
http://hp.care/2haIR66,https://www.messenger.com/t/2411613949064538?src=hpsauspcfb
http://hp.care/2z1fs95,http://m.me/hpslovenija?hpcssifb
http://hp.care/2yCp3Tc,http://m.me/hp.srbija?src=hpcsrsfb
http://hp.care/2gDzE9o,http://m.me/HPHrvatska?hpcshrfb
http://hp.care/2xJpE63,http://www.m.me/hpsupport?src=aiores
http://hp.care/2xSL3IY,"https://twitter.com/intent/tweet?screen_name=HPSupport&text=[REPLACE THIS TEXT WITH YOUR QUESTION]&hashtags=hpsa,hppc&related=HPSupport"
http://hp.care/2hOLON7,"https://twitter.com/intent/tweet?screen_name=HPSupport&text=[REPLACE THIS TEXT WITH YOUR QUESTION]&hashtags=hpsa,hpprnt&related=HPSupport"
http://hp.care/2xhQ4Xm,"https://twitter.com/intent/tweet?screen_name=HPSupport&text=[REPLACE THIS TEXT WITH YOUR QUESTION]&hashtags=hpcswus,hppc&related=HPSupport"
http://hp.care/2wxD14q,"https://twitter.com/intent/tweet?screen_name=HPSupport&text=[REPLACE THIS TEXT WITH YOUR QUESTION]&hashtags=hpcswus,hpprnt&related=HPSupport"
http://hp.care/2g4RoK1,http://www.m.me/assistancehp?src=hpcsfrfb
http://hp.care/2stTqaH,http://www.m.me/tecnicohp?src=facebooksoporte
http://hp.care/2s93BC9,https://support.hp.com/in-en/products
http://hp.care/2rrLO7X,https://support.hp.com/in-en/document/c05195323?src=IndiaGuidedTS
http://hp.care/2suvLEW,https://support.hp.com/in-en/document/c05527808?src=IndiaSelfHelp
http://hp.care/2qJ1qFv,https://line.me/R/ti/p/a3t_D_0JK0?src=TWSprocketLine
http://hp.care/2pywkMY,http://www.m.me/hpsupport?src=GoogleHomePrint
http://hp.care/2qiYqed,http://h30471.www3.hp.com/t5/forums/forumpage/board-id/Tchinese?src=HK
http://hp.care/2ppyJLL,http://h30471.www3.hp.com/t5/forums/forumpage/board-id/Tchinese?src=TW
http://hp.care/2p7oPhn,https://www.youtube.com/hpcomputingsupport?src=TH
http://hp.care/2p7hSNp,http://support.hp.com/th-th/document/c04790487/
http://hp.care/2oPl3qp,http://support.hp.com/th-en/document/c02986377
http://hp.care/2oPtZfk,http://www8.hp.com/th/en/store-finder/index.do
http://hp.care/2ppi0s7,https://www.hpstorethailand.com/th/
http://hp.care/2ppdb1O,http://h30434.www3.hp.com/?src=TH
http://hp.care/2pD3pKD,http://support.hp.com/th-th/drivers
http://hp.care/2oMCtmE,http://www8.hp.com/th/en/campaigns/hpsupportassistant/hpsupport.html#.V-tdrfl96M8
http://hp.care/2qiLrJx,http://www8.hp.com/th/th/contact-hp/support.html
http://hp.care/2plEHLG,https://www.youtube.com/hpcomputingsupport?src=PH
http://hp.care/2qiMUiR,http://support.hp.com/ph-en/document/c04790487/
http://hp.care/2qbcQ3K,https://gncpgslbpro1.houston.hp.com/Cso_Status/CsoStatus.aspx?lc=en&cc=ph
http://hp.care/2plBiwd,http://www8.hp.com/ph/en/store-finder/index.do
http://hp.care/2ppl8nS,http://www8.hp.com/ph/en/business-services/computing-services/care-pack-services.html
http://hp.care/2p7leQm,http://h30434.www3.hp.com/?src=PH
http://hp.care/2ozTUvx,http://support.hp.com/ph-en/drivers
http://hp.care/2oPhWie,http://www8.hp.com/ph/en/campaigns/hpsupportassistant/hpsupport.html#.V-tdrfl96M8
http://hp.care/2oPqh5f,http://www8.hp.com/ph/en/contact-hp/support.html
http://hp.care/2p74ZTi,https://www.youtube.com/hpcomputingsupport?src=VN
http://hp.care/2pCqKvU,http://support.hp.com/vn-en/document/c04790487/
http://hp.care/2plzEe3,http://support.hp.com/vn-en/document/c02986380
http://hp.care/2ozzt1E,http://www8.hp.com/vn/en/store-finder/index.do
http://hp.care/2pl6hc4,http://www8.hp.com/vn/en/contact-hp/how-to-buy.html
http://hp.care/2ozIYOr,http://h30434.www3.hp.com/?src=VN
http://hp.care/2oP2Ed8,http://support.hp.com/vn-en/drivers
http://hp.care/2qba2U4,http://www8.hp.com/vn/en/campaigns/hpsupportassistant/hpsupport.html#.V-tdKvl96M8
http://hp.care/2qbdkGW,http://www8.hp.com/vn/en/contact-hp/support.html
http://hp.care/2plhQjm,https://www.youtube.com/hpcomputingsupport?src=MY
http://hp.care/2pCwsh7,http://support.hp.com/my-en/document/c04790487/
http://hp.care/2qiswOZ,https://gncpgslbpro1.houston.hp.com/Cso_Status/CsoStatus.aspx?lc=en&cc=my
http://hp.care/2pCx8TR,http://www8.hp.com/my/en/store-finder/index.do
http://hp.care/2oP5DCo,http://h20386.www2.hp.com/malaysiastore/
http://hp.care/2pCwNAm,http://h30434.www3.hp.com/?src=MY
http://hp.care/2pCahaW,http://support.hp.com/my-en/drivers
http://hp.care/2ozig8y,http://www8.hp.com/my/en/campaigns/hpsupportassistant/hpsupport.html#.V-tdKvl96M8
http://hp.care/2oOJbtj,http://www8.hp.com/my/en/contact-hp/support.html
http://hp.care/2qaJYs4,https://www.youtube.com/hpcomputingsupport?src=ID
http://hp.care/2q99yLk,http://support.hp.com/id-en/document/c04790487/
http://hp.care/2oziGf3,http://support.hp.com/id-en/document/c03740242
http://hp.care/2plfjpq,http://www8.hp.com/id/en/store-finder/index.do
http://hp.care/2pCbTkO,https://www.hpshopping.id/id/
http://hp.care/2oP1Ch8,http://h30434.www3.hp.com/?src=ID
http://hp.care/2qaZlB3,http://support.hp.com/id-en/drivers
http://hp.care/2q98Lu3,http://www8.hp.com/id/en/campaigns/hpsupportassistant/hpsupport.html#.V-tdKvl96M8
http://hp.care/2ozwNBl,http://www8.hp.com/id/en/contact-hp/support.html
http://hp.care/2qaYfoV,https://www.youtube.com/user/hpsupporttaiwan/?src=HK
http://hp.care/2ok413d,https://support.hp.com/us-en/drivers
http://hp.care/2o6EY3F,http://h30434.www3.hp.com/t5/forums/postpage/
http://hp.care/2nKQJwq,http://www.m.me/hpsupport?src=IIcustomeraccount
http://hp.care/2oDyYmE,http://www.m.me/hpsupport?src=IIlandingpage
http://hp.care/2nYDjPY,https://www.youtube.com/hpcomputingsupport?src=SG
http://hp.care/2oxCYFr,https://www.youtube.com/hpcomputingsupport?src=NZ
http://hp.care/2nAiZkw,http://h30434.www3.hp.com/?src=NZ
http://hp.care/2nAlIKW,https://www.youtube.com/hpcomputingsupport?src=AU
http://hp.care/2nTsxJ0,http://h30434.www3.hp.com/?src=AU
http://hp.care/2nAj6wB,http://h30434.www3.hp.com/?src=SG
http://hp.care/2nXz9Yw,https://www.messenger.com/login.php?next=https://www.messenger.com/t/HPSingapore/
http://hp.care/2oxojJX,http://support.hp.com/jp-ja/document/c04895571?src=JPNFBTabLine
http://hp.care/2o4VDr4,http://support.hp.com/kr-ko/document/c02068647?src=KRFBTabKKT
http://hp.care/2obhKx1,http://www.m.me/hpsupport?src=Spectre
http://hp.care/2naFPjb,http://www.m.me/hpsupport?src=Omen
http://hp.care/2nmR8b8,https://www.facebook.com/HPSupport?src=hpcsenfb
http://hp.care/2o07O5h,https://twitter.com/intent/tweet?screen_name=HPSupport&text=[ASK YOUR QUESTION HERE]&hashtags=HPCSENTW&related=HPSupport
http://hp.care/2mNA2R7,https://twitter.com/intent/tweet?screen_name=HPIndia&text=[ASK YOUR QUESTION HERE]&hashtags= HPcpIN &related=HPIndia
http://hp.care/2mNsL3E,https://twitter.com/intent/tweet?screen_name=HP_Australia&text=[ASK YOUR QUESTION HERE]&hashtags= HPcpAUS&related=HP_Australia
http://hp.care/2mAf2jO,https://twitter.com/intent/tweet?screen_name=HP_newzealand&text=[ASK YOUR QUESTION HERE]&hashtags= HPcpNZ&related=HP_newzealand
http://hp.care/2ml1WGq,https://www.youtube.com/user/hpsupportjapan/
http://hp.care/2mSsSdx,https://twitter.com/intent/tweet?screen_name=HPSupportJPN&text=[ASK YOUR QUESTION HERE]&hashtags=HPFBTabJPN&related=HPSupportJPN
http://hp.care/2m2p5Lg,http://www8.hp.com/jp/ja/contact-hp/support.html
http://hp.care/2lGoJJe,http://support.hp.com/jp-ja/document/c02623999
http://hp.care/2ll5LvG,http://support.hp.com/jp-ja/document/c02099191
http://hp.care/2mMWJVB,http://support.hp.com/jp-ja/products
http://hp.care/2mkS6o9,http://support.hp.com/jp-ja/drivers
http://hp.care/2mMIiAK,http://support.hp.com/jp-ja/
http://hp.care/2lFNOE7,http://www.hpshopping.in/
http://hp.care/2lFBiVu,http://www8.hp.com/in/en/campaigns/hpsupportassistant/hpsupport.html#.V_TrpI995D8
http://hp.care/2m13NiF,http://www8.hp.com/in/en/support-drivers/contact-centers/commercial/south.html
http://hp.care/2lFJfKc,http://support.hp.com/in-en/drivers
http://hp.care/2ldScye,http://www.m.me/hpsupport?src=SprocketContact
http://hp.care/2laNQI1,https://gncpgslbpro1.houston.hp.com/Cso_Status/CsoStatus.aspx?lc=en&cc=nz
http://hp.care/2loCnzJ,http://www8.hp.com/nz/en/contact-hp/how-to-buy.html
http://hp.care/2mcjW61,http://www8.hp.com/nz/en/store-finder/index.do
http://hp.care/2m6EoER,http://support.hp.com/nz-en/drivers
http://hp.care/2m6Gxk5,http://www8.hp.com/nz/en/campaigns/hpsupportassistant/hpsupport.html?jumpid=in_r602_sg/en/pps/hpsa/contactpagetile/KV#.V_W_CPl97Ra
http://hp.care/2lSgaO3,http://support.hp.com/nz-en/contact-hp
http://hp.care/2lSehks,https://gncpgslbpro1.houston.hp.com/Cso_Status/CsoStatus.aspx?lc=en&cc=au
http://hp.care/2lxxu8o,http://www8.hp.com/au/en/store-finder/index.do
http://hp.care/2mrBE66,http://h20386.www2.hp.com/AustraliaStore/
http://hp.care/2mDr1tB,http://support.hp.com/au-en/drivers
http://hp.care/2mJyAhs,http://www8.hp.com/au/en/campaigns/hpsupportassistant/hpsupport.html?jumpid=in_r602_sg/en/pps/hpsa/contactpagetile/KV#.V_W-9fl97RZ
http://hp.care/2lS3yGN,http://support.hp.com/au-en/contact-hp
http://hp.care/2mbYD4p,http://cafe.naver.com/hpprinting
http://hp.care/2mc9FXw,http://www8.hp.com/kr/ko/contact-hp/support.html
http://hp.care/2lSakwb,http://www.hp.co.kr/forum
http://hp.care/2lxqMzu,http://support.hp.com/kr-ko/document/c03652759
http://hp.care/2lS4wTq,http://h20386.www2.hp.com/KoreaStore/
http://hp.care/2laMTPU,http://support.hp.com/kr-ko/products/
http://hp.care/2mJ9AHw,http://support.hp.com/kr-ko/drivers
http://hp.care/2mrD1S2,http://support.hp.com/kr-ko/
http://hp.care/2lUSebi,http://support.hp.com/tw-zh/checkwarranty/
http://hp.care/2mrouWB,http://support.hp.com/tw-zh/document/c01927557
http://hp.care/2lxilnI,http://support.hp.com/tw-zh/products/
http://hp.care/2m6f9m0,http://support.hp.com/tw-zh/drivers
http://hp.care/2mrpmL4,http://support.hp.com/tw-zh/
http://hp.care/2ljfJZx,https://www.youtube.com/user/hpsupporttaiwan
http://hp.care/2movEuE,http://www.hpdirect.com.hk/s/store/generic/zh_TW/itf/
http://hp.care/2m0dTkv,http://support.hp.com/hk-zh/checkwarranty/
http://hp.care/2l6y6Wm,http://www8.hp.com/hk/en/campaigns/hpsupportassistant/hpsupport.html#.VK12uivF9pH
http://hp.care/2mo2pbx,http://support.hp.com/hk-zh/products/
http://hp.care/2m0czhr,http://support.hp.com/hk-zh/drivers
http://hp.care/2m0rYhH,http://support.hp.com/hk-zh
http://hp.care/2ml4VPK,https://www.messenger.com/t/HPSingapore/
http://hp.care/2mBbGcj,https://www.youtube.com/hpcomputingsupport
http://hp.care/2lLDFGN,https://gncpgslbpro1.houston.hp.com/Cso_Status/CsoStatus.aspx?lc=en&cc=sg
http://hp.care/2lpujzH,http://www8.hp.com/sg/en/store-finder/index.do
http://hp.care/2ml3Abz,http://h20386.www2.hp.com/SingaporeStore/
http://hp.care/2mkZekX,http://support.hp.com/sg-en/drivers
http://hp.care/2mkM9rI,http://www8.hp.com/sg/en/campaigns/hpsupportassistant/hpsupport.html?jumpid=in_r602_sg/en/pps/hpsa/contactpagetile/KV
http://hp.care/2lR4UT6,http://support.hp.com/sg-en/
http://hp.care/2lnKTQM,http://www.m.me/hpsupport?src=HPCSTAPLES
http://hp.care/2jsOdJ3,http://m.me/HPTurkiyeofficial?src=hpsatrfb
http://hp.care/2jTnCFA,http://m.me/HPRussia?src=hpsarufb
http://hp.care/2iFUQIz,http://www8.hp.com/us/en/campaigns/hpsupportassistant/hpsupport.html#.WFz9B1N96M-?src=IN
http://hp.care/2j6krZZ,http://www8.hp.com/us/en/campaigns/hpsupportassistant/hpsupport.html#.WFz9B1N96M-?src=SG
http://hp.care/2iRAcEZ,http://www8.hp.com/us/en/campaigns/hpsupportassistant/hpsupport.html#.WFz9B1N96M-?src=AU
http://hp.care/2hSve94,http://www8.hp.com/us/en/campaigns/hpsupportassistant/hpsupport.html#.WFz9B1N96M-?src=NZ
http://hp.care/2hLvStm,http://m.me/HP.Israel?src=hpsailfb
http://hp.care/2gJCKm9,http://www.m.me/hpsupport?src=alexaFB
http://hp.care/2gSG1V9,http://www.m.me/hpsupport?src=AlexaFB
http://hp.care/2fEdMZS,https://support.hp.com/wise/home/ams-en
http://hp.care/2fiQbZS,https://twitter.com/messages/compose?recipient_id=171565174
http://hp.care/2fVSKlU,http://www.m.me/HPSuporte
http://hp.care/2gfcykE,https://twitter.com/messages/compose?recipient_id=745773908
http://hp.care/2g4BdsK,http://www.m.me/tecnicohp?src=hpsaesfb
http://hp.care/2f9WqTg,http://support.hp.com/us-en/document/c03801890
http://hp.care/2eOxZHW,http://www8.hp.com/us/en/hp-information/about-hp/history/innovation-gallery/039-product.html
http://hp.care/2fkHCSh,http://www8.hp.com/us/en/hp-information/about-hp/history/innovation-gallery/025-product.html
http://hp.care/2f9a6LR,https://h30434.www3.hp.com/t5/Best-of-the-Community-Blog/Happy-8th-birthday-to-the-HP-Support-Forum/ba-p/5834298
http://hp.care/2e6CFrw,http://hp.dezide.com/ts/start-nr.jsp?guide=wirelessconnection.net&section=social&SFS=someEMEA&language=de
http://hp.care/2f7txbP,http://h30491.www3.hp.com/t5/blogs/blogarticlepage/blog-id/Blog/article-id/293
http://hp.care/2eU9yg7,http://www.m.me/hpkundensupport?src=hpgndefb
http://hp.care/2e5OzrC,http://www.m.me/HPSuporte?src=HPSABRFB
http://hp.care/2ef9WF0,http://www.m.me/HPSuporte?src=HPCSPTBR
http://hp.care/2eOIwqr,http://www.m.me/tecnicohp?src=hpsaMXfb
http://hp.care/2dlH9in,http://www.m.me/tecnicohp?src=hpcsptMXfb
https://bit.ly/2d7lNoS,http://m.me/HPRussia?src=hpdocrufb
http://hp.care/2dWeVs0,http://m.me/HP.Israel?src=hpdocilfb
http://hp.care/2dJnjN8,http://m.me/HPTurkiyeofficial?src=hpdoctrfb
http://hp.care/2dJn70e,https://twitter.com/intent/tweet?screen_name=HPSupport&text=[ASK YOUR QUESTION HERE]&hashtags=HPDOCUK&related=HPSupport
http://hp.care/2e1fmjZ,http://www.m.me/hpsupport?src=hpdocukfb
http://hp.care/2dw0lWE,https://twitter.com/intent/tweet?screen_name=HPSupportesp&text=[ESCRIBE ACQUI TU PREGUNTA]&hashtags=HPDOCES&related=HPSupportESP
http://hp.care/2e5zwOd,http://www.m.me/tecnicohp?src=hpdocesfb
http://hp.care/2e5yEJF,https://twitter.com/intent/tweet?screen_name=HPSupportFR&text=[POSEZ VOTRE QUESTION ICI]&hashtags=HPDOCFR&related=HPSupportFR
http://hp.care/2dksUsz,http://www.m.me/assistancehp?src=hpdocfrfb
http://hp.care/2e9ekTo,http://www.m.me/hpkundensupport?src=hpdocdefb
http://hp.care/2d0ftL3,https://h22203.www2.hp.com/suresupply/?src=YouTube
http://hp.care/2dSDsSm,http://www.twitter.com/HPSupport?src=YouTube
http://hp.care/2dKRmVf,http://www.facebook.com/HPSupport?src=YouTube
http://hp.care/2dXX8jV,http://www.hp.com/SupportForum?src=YouTube
http://hp.care/2dQn8gn,https://h22203.www2.hp.com/suresupply?src=YouTube
http://hp.care/2cRpha5,http://www.m.me/assistancehp?src:aior
http://hp.care/2dI0Ems,http://www.m.me/hpkundensupport?src=aior
http://hp.care/2cQKQfP,http://www.m.me/hpsupport?src=AIOR
http://hp.care/2d4yoXD,http://www.m.me/hpsupport?src=Sprocketapp
http://hp.care/2cx44FG,http://www.m.me/hpsupport?src=Sprocketlaunchpage
http://hp.care/2c6dxVL,https://h30434.www3.hp.com/t5/sprocket/bd-p/sprocket
http://hp.care/2c4sgvu,https://youtube.com/howto4u?src=DNAPe
http://hp.care/2cHJOPI,http://www.m.me/hpsupport?src=DNAP
http://hp.care/2cFtpeQ,http://h30434.www3.hp.com/t5/Community-News/Question-about-your-HP-product-Ask-away-it-s-HPExpertDay-on/td-p/5735776
http://hp.care/2bN8DsY,http://support.hp.com/kr-ko/document/c02068647
http://hp.care/2b5VZ75,http://www.m.me/assistancehp?src=hpsafrfb
http://hp.care/2bojxIb,http://www8.hp.com/us/en/campaigns/hpsupportassistant/pc-diags.html?jumpid=va_r602_us/en/any/pps/pl_ot_ob_ds_pd/HP_PC_Hardware_Diagnostics_cc/dt
http://hp.care/2aR0rt4,http://support.hp.com/kr-ko/document/c03652759?src=csptkakao
http://hp.care/2aQTmJ5,http://support.hp.com/jp-ja/document/c04895571?src=csptline
http://hp.care/2bd2aHe,http://www8.hp.com/cn/zh/contact-hp/webchat-support.html?src=csptwechat
http://hp.care/2b3tasy,http://support.hp.com/jp-ja/document/c04895571?src=JHPSATW
http://hp.care/2aZqkrh,http://support.hp.com/jp-ja/document/c04895571?src=JHPSALINE
http://hp.care/2aI4I3v,http://support.hp.com/kr-ko/document/c03652759?src=hpsakoreaKT
http://hp.care/2aI4PfP,http://www8.hp.com/cn/zh/contact-hp/webchat-support.html?src=hpsa
http://hp.care/2bnR1H9,http://www8.hp.com/cn/zh/contact-hp/webchat-support.html?src=contactpage
http://hp.care/2aR4Krs,http://support.hp.com/jp-ja/document/c04895571
http://hp.care/2aV5p7K,http://www.m.me/hpsupport?src=hpcsptII
http://hp.care/2aCQe3S,http://www.m.me/hpkundensupport?src=hpcsdefb
http://hp.care/2aJc8jx,http://www.m.me/hpkundensupport?src=hpsadefb
http://hp.care/2aVJ8ct,http://m.me/HP.Israel?src=hpdsilfb
http://hp.care/2ayF1ha,http://m.me/HPTurkiyeofficial?src=hpdstrfb
http://hp.care/2ayB9yq,https://twitter.com/intent/tweet?screen_name=HPSupport&text=[ASK YOUR QUESTION HERE]&hashtags=HPDSUK&related=HPSupport
http://hp.care/2b7CeNK,http://www.m.me/hpsupport?src=hpdsukfb
http://hp.care/2aT09Tv,https://twitter.com/intent/tweet?screen_name=HPSupportFR&text=[POSEZ VOTRE QUESTION ICI]&hashtags=HPDSFR&related=HPSupportFR
http://hp.care/2b06sD8,http://www.m.me/assistancehp?src=hpdsfrfb
http://hp.care/2b7Ccpj,https://twitter.com/intent/tweet?screen_name=HPSupportde&text=[SCHREIBEN SIE IHRE FRAGE HIER]&hashtags=HPDSDE&related=HPSupportDE
http://hp.care/2b06fj8,http://www.m.me/hpkundensupport?src=hpdsdefb
http://hp.care/2ac3bDp,http://www.m.me/hpsupport?src=HPGS
http://hp.care/29ThRnz,http://www.m.me/hpsupport?src=HPDOC
http://hp.care/29kETpB,http://www.m.me/hpsupport?src=HPCSHP
http://hp.care/29zGOrl,http://www.m.me/hpsupport?src=HPIIDB
http://hp.care/29q9gti,http://www.m.me/hpsupport?src=HPIILP
http://hp.care/29kDEXr,http://www.m.me/hpsupport?src=HPSA
http://hp.care/29po7qN,http://www.m.me/hpsupport?src=HPCSPT
http://hp.care/29xOXMR,https://twitter.com/intent/tweet?screen_name=HPSupportde&text=[SCHREIBEN SIE IHRE FRAGE HIER]&hashtags=HPDOCDE&related=HPSupportDE
http://hp.care/29rDDju,https://twitter.com/intent/tweet?screen_name=HPSupport&text=[ASK YOUR QUESTION HERE]&hashtags=HPSAUK&related=HPSupport
http://hp.care/29xP1w6,https://twitter.com/intent/tweet?screen_name=HPSupportesp&text=[ESCRIBE ACQUI TU PREGUNTA]&hashtags=HPSAES&related=HPSupportESP
http://hp.care/29A1y1Q,https://twitter.com/intent/tweet?screen_name=HPSupportFR&text=[POSEZ VOTRE QUESTION ICI]&hashtags=HPSAFR&related=HPSupportFR
http://hp.care/29njehX,https://twitter.com/intent/tweet?screen_name=HPSupportde&text=[SCHREIBEN SIE IHRE FRAGE HIER]&hashtags=HPSADE&related=HPSupportDE
http://hp.care/29j19vN,http://m.me/HP.Israel
http://hp.care/29oYbr0,http://m.me/HPRussia
http://hp.care/29vo5ve,http://m.me/HPTurkiyeofficial
http://hp.care/29oOKur,https://twitter.com/intent/tweet?screen_name=HPSupport&text=[ASK YOUR QUESTION HERE]&hashtags=hpcsUK&related=HPSupport
http://hp.care/29rzmwu,http://www.m.me/hpsupport
http://hp.care/29zVLJp,https://twitter.com/intent/tweet?screen_name=HPSupportesp&text=[ESCRIBE ACQUI TU PREGUNTA]&hashtags=hpcsESP&related=HPSupportESP
http://hp.care/29iXfHC,http://www.m.me/tecnicohp
http://hp.care/29zM8Z4,https://twitter.com/intent/tweet?screen_name=HPSupportFR&text=[POSEZ VOTRE QUESTION ICI]&hashtags=hpcsfr&related=HPSupportFR
http://hp.care/29iWH4x,https://twitter.com/intent/tweet?screen_name=HPSupportde&text=[SCHREIBEN SIE IHRE FRAGE HIER]&hashtags=hpcsde&related=HPSupportDE
http://hp.care/28Ki3aj,http://h30434.www3.hp.com/